Beans,Garlic
Beans,Onions
Beans,Peppers
Beans,Sunflowers
Beets,Mustard
Beets,Pole Beans
Broccoli,Cabbage
Broccoli,Cauliflower
Broccoli,Lettuce
Broccoli,Pole Beans
Broccoli,Tomatoes
Brussel Sprout,Tomatoes
Cabbage,Broccoli
Cabbage,Cauliflower
Cabbage,Strawberries
Cabbage,Tomatoes
Carrots,Dill
Carrots,Parsley
Cauliflower,Broccoli
Cauliflower,Cabbage
Cauliflower,Strawberries
Cauliflower,Tomatoes
Corn,Tomatoes
Cucumbers,Herbs
Cucumbers,Melons
Cucumbers,Potatoes
Kale,Strawberries
Kale,Tomatoes
Lettuce,Broccoli
Melons,Cucumbers
Melons,Potatoes
Onions,Beans
Onions,Peas
Onions,Sage
Peas,Garlic
Peas,Onions
Peppers,Beans
Potatoes,Cucumbers
Potatoes,Melons
Potatoes,Squash
Potatoes,Sunflowers
Potatoes,Tomatoes
Potatoes,Turnips
Tomatoes,Broccoli
Tomatoes,Brussels
Tomatoes,Cabbage
Tomatoes,Cauliflower
Tomatoes,Corn
Tomatoes,Kale
Tomatoes,Potatoes
